currency,strength,sd
EUR,0.935024734554738,0.71990329260568
NZD,-0.354582495014688,0.71990329260568
