country,strength,sd
CH,2.25787989075483,0.84484728616827
NZ,0.948506465724503,0.84484728616827
US,0.927905948474031,0.84484728616827
IT,0.893224761745793,0.84484728616827
CA,0.698579572636492,0.84484728616827
EM,0.682276021577439,0.84484728616827
GB,0.655929279831122,0.84484728616827
FR,0.539612993854758,0.84484728616827
AU,0.523636070293364,0.84484728616827
DE,0.45658851801011,0.84484728616827
JP,0.431099475878016,0.84484728616827
