currency,strength,sd
CHF,0.007139,0.712137138827909
GBP,-0.999975,0.712137138827909
