currency,strength,sd
NZD,0.993531,0.622232047133945
USD,0.113562,0.622232047133945
