currency,strength,sd
NZD,1,0.706886163870817
EUR,0.000312,0.706886163870817
