currency,strength,sd
EUR,0.019273,0.720603328319055
NZD,-0.999814,0.720603328319055
