country,strength,sd
AU,1.88841214418581,0.923323235056263
CH,1.70162927165208,0.923323235056263
US,1.12759185385893,0.923323235056263
EM,0.686222090995504,0.923323235056263
GB,0.659375163673973,0.923323235056263
IT,0.608127046217242,0.923323235056263
CA,0.596720934065852,0.923323235056263
NZ,0.526728882227775,0.923323235056263
FR,0.52510144412501,0.923323235056263
JP,0.279783928265058,0.923323235056263
DE,0.0622043086541928,0.923323235056263
