country,strength,sd
AU,1.81926841519265,0.912655938966198
CH,1.62316049616572,0.912655938966198
US,1.35148771163263,0.912655938966198
EM,0.674975320107842,0.912655938966198
GB,0.631246847477018,0.912655938966198
IT,0.616927166673973,0.912655938966198
CA,0.58933116218812,0.912655938966198
FR,0.524718502812233,0.912655938966198
NZ,0.520224275496773,0.912655938966198
JP,0.313039361419124,0.912655938966198
DE,0.0562347202126123,0.912655938966198
