currency,strength,sd
AUD,0.998148,0.662787449462118
CHF,0.060825,0.662787449462118
