currency,strength,sd
USD,0.385062,0.924862435773288
AUD,-0.922891,0.924862435773288
