currency,strength,sd
NZD,0.703193,0.999984753099766
USD,-0.710999,0.999984753099766
