currency,strength,sd
NZD,0.93267492868549,0.763017714374968
EUR,0.360718002602471,0.763017714374968
