currency,strength,sd
NZD,-0.381801,0.383565830813956
USD,-0.924245,0.383565830813956
