currency,strength,sd
NZD,0.923153205476308,0.702528971885146
EUR,0.384432255695094,0.702528971885146
