currency,strength,sd
GBP,1.81013698768834,0.874765310890743
NZD,1.56826342311259,0.874765310890743
CNY,0.785055763199146,0.874765310890743
USD,0.645615140379347,0.874765310890743
JPY,0.582303245684034,0.874765310890743
EUR,0.532171748377469,0.874765310890743
CHF,0.531796145876187,0.874765310890743
CAD,0.517308362857976,0.874765310890743
AUD,0.24108823686288,0.874765310890743
