country,strength,sd
CH,1.94694983065219,0.809812640077489
US,1.54906778365121,0.809812640077489
NZ,0.87660206247441,0.809812640077489
IT,0.827902137952275,0.809812640077489
DE,0.751464583292725,0.809812640077489
CA,0.657272252194761,0.809812640077489
EM,0.622639186351293,0.809812640077489
GB,0.607255474143611,0.809812640077489
FR,0.521431319593916,0.809812640077489
AU,0.511135478137674,0.809812640077489
JP,0.263870297393362,0.809812640077489
