currency,strength,sd
CHF,0.022994,0.723179318322918
AUD,-0.999736,0.723179318322918
