currency,strength,sd
JPY,0.928492,0.919128506884647
NZD,-0.371352,0.919128506884647
