currency,strength,sd
NZD,0.998571,0.668302175248592
JPY,0.053449,0.668302175248592
