currency,strength,sd
JPY,0.925139,0.385733820205074
NZD,0.379629,0.385733820205074
