currency,strength,sd
AUD,1.76232905277778,0.824860198807215
GBP,1.42335772291263,0.824860198807215
NZD,1.14719282535421,0.824860198807215
CNY,0.603539802636432,0.824860198807215
JPY,0.523537081110802,0.824860198807215
CAD,0.503736133390341,0.824860198807215
EUR,0.503131814057222,0.824860198807215
CHF,0.499360090203458,0.824860198807215
USD,0.396981285533887,0.824860198807215
