currency,strength,sd
GBP,1.92275974293839,0.897906419945024
NZD,1.66139371719394,0.897906419945024
CNY,0.821028947605349,0.897906419945024
JPY,0.604716469698678,0.897906419945024
EUR,0.550743980416261,0.897906419945024
CHF,0.549038764042598,0.897906419945024
ISD,0.543530255345283,0.897906419945024
CAD,0.539587736977633,0.897906419945024
USD,0.47158610510522,0.897906419945024
AUD,0.298763000698537,0.897906419945024
