currency,strength,sd
GBP,0.999997,0.708892225809044
CHF,-0.002528,0.708892225809044
