currency,strength,sd
USD,0.999312,0.732842639594613
NZD,-0.037084,0.732842639594613
