country,strength,sd
CH,2.02281081377805,0.811324515666674
US,1.42462298084598,0.811324515666674
NZ,0.881135516606543,0.811324515666674
IT,0.815860402313809,0.811324515666674
CA,0.764813315005316,0.811324515666674
DE,0.710652690740296,0.811324515666674
EM,0.624730229501333,0.811324515666674
GB,0.609198325529064,0.811324515666674
AU,0.512154096809431,0.811324515666674
FR,0.506018597512744,0.811324515666674
JP,0.25869678460599,0.811324515666674
