currency,strength,sd
GBP,2.132471,0.874765310890743
NZD,1.730639,0.874765310890743
CNY,0.429472,0.874765310890743
USD,0.197815,0.874765310890743
JPY,0.092633,0.874765310890743
EUR,0.009348,0.874765310890743
CHF,0.008724,0.874765310890743
CAD,-0.015345,0.874765310890743
AUD,-0.474238,0.874765310890743
