country,strength,sd
CH,2.02271465109387,0.811322995701017
US,1.42481004051677,0.811322995701017
NZ,0.881110324638517,0.811322995701017
IT,0.81583945641573,0.811322995701017
CA,0.764795402074575,0.811322995701017
DE,0.710638417273706,0.811322995701017
EM,0.624720808840334,0.811322995701017
GB,0.609190724442839,0.811322995701017
AU,0.512151955134691,0.811322995701017
FR,0.506017062375981,0.811322995701017
JP,0.258710414198122,0.811322995701017
