country,strength,sd
CH,2.11823382938725,0.815142619075315
US,1.30765688789872,0.815142619075315
NZ,0.908848869387545,0.815142619075315
IT,0.849476397237646,0.815142619075315
CA,0.66939553803195,0.815142619075315
EM,0.634553067291201,0.815142619075315
GB,0.616608085535774,0.815142619075315
DE,0.563724249156239,0.815142619075315
FR,0.524037730541706,0.815142619075315
AU,0.505860578803092,0.815142619075315
JP,0.419825536051204,0.815142619075315
