currency,strength,sd
CAD,0.990283,0.601899191640926
CHF,0.139069,0.601899191640926
