country,strength,sd
AU,1.85201649967763,0.987231801707187
CH,1.65804538704697,0.987231801707187
GB,0.819173766486676,0.987231801707187
US,0.795708514714381,0.987231801707187
EM,0.773356292867766,0.987231801707187
CA,0.735821697600134,0.987231801707187
IT,0.686265733900418,0.987231801707187
FR,0.599599094156937,0.987231801707187
JP,0.380720630111145,0.987231801707187
DE,0.327134530228357,0.987231801707187
NZ,-0.54292193052791,0.987231801707187
