currency,strength,sd
NZD,-0.333185,0.43110603392669
USD,-0.942861,0.43110603392669
