currency,strength,sd
GBP,0.985404,0.576415063246963
CHF,0.17023,0.576415063246963
