currency,strength,sd
NZD,0.936348,0.910344826448747
USD,-0.351074,0.910344826448747
