country,strength,sd
CH,1.97267761952579,0.813897040758138
US,1.52551582181533,0.813897040758138
NZ,0.869444618545355,0.813897040758138
IT,0.821932855281432,0.813897040758138
DE,0.747358902871418,0.813897040758138
CA,0.655462530310362,0.813897040758138
EM,0.621673746891002,0.813897040758138
GB,0.606665469177189,0.813897040758138
FR,0.522933769448769,0.813897040758138
AU,0.512888439073484,0.813897040758138
JP,0.265753547355378,0.813897040758138
