currency,strength,sd
CHF,0.004622,0.710367250554599
AUD,-0.999989,0.710367250554599
