currency,strength,sd
GBP,3.00723631089074,0.874765310890743
NZD,2.60540431089074,0.874765310890743
CNY,1.30423731089074,0.874765310890743
USD,1.07258031089074,0.874765310890743
JPY,0.967398310890743,0.874765310890743
EUR,0.884113310890743,0.874765310890743
CHF,0.883489310890743,0.874765310890743
CAD,0.859420310890743,0.874765310890743
AUD,0.400527310890743,0.874765310890743
