currency,strength,sd
USD,0.997005,0.759675220620299
CAD,-0.077338,0.759675220620299
