country,strength,sd
CH,2.15332439485705,0.839326155863316
US,1.21774218764907,0.839326155863316
NZ,0.926066800764508,0.839326155863316
IT,0.873213058377222,0.839326155863316
CA,0.688028636268505,0.839326155863316
EM,0.650440956330806,0.839326155863316
GB,0.633745874759199,0.839326155863316
DE,0.579362682608803,0.839326155863316
FR,0.540601295178844,0.839326155863316
AU,0.519858737770526,0.839326155863316
JP,0.252868718462865,0.839326155863316
