currency,strength,sd
CHF,-0.004016,0.704261383499053
AUD,-0.999992,0.704261383499053
