country,strength,sd
CH,1.97430291676188,0.812064416077444
US,1.50923143979427,0.812064416077444
NZ,0.884749835536182,0.812064416077444
IT,0.818937118982807,0.812064416077444
DE,0.757366784858323,0.812064416077444
CA,0.661484454596921,0.812064416077444
EM,0.626230111076571,0.812064416077444
GB,0.610570407839915,0.812064416077444
FR,0.515513995941599,0.812064416077444
AU,0.512725157063602,0.812064416077444
JP,0.257176798227428,0.812064416077444
