currency,strength,sd
GBP,1.827278524391,0.926083943376505
NZD,1.5878957238656,0.926083943376505
CNY,0.8173928778726,0.926083943376505
JPY,0.618867382670897,0.926083943376505
EUR,0.569028412349544,0.926083943376505
CHF,0.567895901900093,0.926083943376505
CAD,0.559814531038579,0.926083943376505
AUD,0.334409085727472,0.926083943376505
USD,0.130351735941763,0.926083943376505
