currency,strength,sd
GBP,1.82796418822062,0.885757209459652
NZD,1.58269368476741,0.885757209459652
CNY,0.794080153263329,0.885757209459652
JPY,0.591088380814348,0.885757209459652
EUR,0.540439699814241,0.885757209459652
CHF,0.538839455991245,0.885757209459652
CAD,0.529970032302121,0.885757209459652
USD,0.466889939103269,0.885757209459652
AUD,0.303975959900459,0.885757209459652
