currency,strength,sd
NZD,-0.412941,0.352009776489943
USD,-0.910758,0.352009776489943
