currency,strength,sd
CHF,0.494238,0.964186058088635
CAD,-0.869327,0.964186058088635
