currency,strength,sd
GBP,2.132492,0.874574502738205
NZD,1.730632,0.874574502738205
CNY,0.429471,0.874574502738205
USD,0.197814,0.874574502738205
JPY,0.092632,0.874574502738205
CHF,0.010905,0.874574502738205
EUR,0.009943,0.874574502738205
CAD,-0.015344,0.874574502738205
AUD,-0.474109,0.874574502738205
