currency,strength,sd
JPY,0.556281,0.980951559870568
NZD,-0.830994,0.980951559870568
