AUD_CAD,AUD_CHF,AUD_JPY,AUD_NZD,AUD_USD,CAD_CHF,CAD_JPY,CHF_JPY,EUR_AUD,EUR_CAD,EUR_CHF,EUR_GBP,EUR_JPY,EUR_NZD,EUR_USD,GBP_AUD,GBP_CAD,GBP_CHF,GBP_JPY,GBP_NZD,GBP_USD,NZD_CAD,NZD_CHF,NZD_JPY,NZD_USD,USD_CAD,USD_CHF,USD_JPY,period
-0.000015,-0.000005,-0.000009, 0.000023, 0.000002,-0.000032,-0.000010, 0.000001, 0.000000,-0.000033,-0.000003, 0.000001,-0.000004, 0.000001, 0.000002, 0.000008,-0.000004,-0.000028,-0.000007, 0.000020,-0.000008,-0.000010,-0.000010, 0.000002,-0.000009, 0.000014, 0.000010, 0.000042,M15
 0.000039, 0.000045, 0.000042, 0.000189, 0.000058,-0.000041,-0.000013, 0.000045, 0.000026, 0.000013, 0.000011, 0.000006, 0.000075, 0.000026, 0.000006, 0.000013, 0.000006,-0.000015,-0.000005,-0.000009,-0.000009,-0.000011, 0.000043, 0.000164, 0.000089, 0.000048,-0.000041,-0.000085,H1
 0.000092, 0.000285, 0.000092,-0.000168, 0.000502,-0.000161, 0.000174, 0.000355,-0.000042,-0.000014, 0.000025,-0.000053,-0.000236,-0.000229, 0.000301, 0.000616, 0.000393, 0.000496, 0.000150, 0.000209, 0.000010, 0.000491, 0.000064, 0.000667, 0.000589,-0.000114, 0.000241, 0.000095,D
-0.004916, 0.000265,-0.001995, 0.000561,-0.003298, 0.004895, 0.001021,-0.003000, 0.000074,-0.005157, 0.000096,-0.001322,-0.001465,-0.000104,-0.004851,-0.000101,-0.002489, 0.001560,-0.000518, 0.000401,-0.003927,-0.006447,-0.000672,-0.004762,-0.003903,-0.000705, 0.004792, 0.002158,W
 0.000049, 0.000316,-0.001783, 0.002043, 0.001661,-0.000918,-0.003880,-0.001959,-0.000354, 0.001207, 0.000104, 0.001572,-0.000431, 0.002434, 0.002819,-0.002075,-0.001830,-0.002645,-0.003917,-0.001380,-0.000364,-0.000886,-0.000811,-0.003102, 0.001178,-0.001762,-0.002313,-0.002869,M
