AUD_CAD,AUD_CHF,AUD_JPY,AUD_NZD,AUD_USD,CAD_CHF,CAD_JPY,CHF_JPY,EUR_AUD,EUR_CAD,EUR_CHF,EUR_GBP,EUR_JPY,EUR_NZD,EUR_USD,GBP_AUD,GBP_CAD,GBP_CHF,GBP_JPY,GBP_NZD,GBP_USD,NZD_CAD,NZD_CHF,NZD_JPY,NZD_USD,USD_CAD,USD_CHF,USD_JPY,period
 0.000002, 0.000017, 0.000064, 0.000032, 0.000004, 0.000012, 0.000028, 0.000027,-0.000022, 0.000002, 5.0e-06,-0.000002, 0.000013,-0.000036,-0.000024,-0.000008,-0.000006,-0.000023,-0.000002,-0.000046,-0.000013, 0.000010,-0.000001, 0.000037, 0.000000,-0.000009, 0.000000, 0.000003,M15
-0.000239,-0.000193,-0.000154,-0.000177,-0.000029, 0.000026, 0.000160, 0.000035, 0.000096,-0.000076, 3.0e-06, 0.000065, 0.000063,-0.000098,-0.000036, 0.000017,-0.000049,-0.000029,-0.000027,-0.000014,-0.000034,-0.000018,-0.000020,-0.000030,-0.000131, 0.000038, 0.000036, 0.000187,H1
 0.000287, 0.000042,-0.000528,-0.000262,-0.000678,-0.000172,-0.000735,-0.000476,-0.000019, 0.000317,-5.1e-05,-0.000409,-0.000583,-0.000695,-0.000109, 0.000327, 0.000505, 0.000313,-0.000282, 0.000005,-0.000354, 0.000530, 0.000311,-0.000293,-0.000393, 0.000660, 0.000507, 0.000043,D
-0.001612, 0.001709, 0.000844, 0.005341,-0.000958,-0.000101, 0.000930,-0.000961, 0.000518,-0.002124,-7.3e-05,-0.001015,-0.003705, 0.003867,-0.000196,-0.000106,-0.001325, 0.001102, 0.000402, 0.001071, 0.001474,-0.005253,-0.002953,-0.005180,-0.004474,-0.000528, 0.000154,-0.000529,W
 0.000100, 0.000965,-0.000195, 0.003698, 0.003931,-0.002026,-0.003837,-0.001933,-0.000507, 0.001282, 1.1e-05, 0.002446,-0.000709, 0.003477, 0.004849,-0.003505,-0.001886,-0.003117,-0.004350,-0.001771, 0.000945,-0.001972,-0.001438,-0.003720, 0.001988,-0.003130,-0.004657,-0.005379,M
