AUD_CAD,AUD_CHF,AUD_JPY,AUD_NZD,AUD_USD,CAD_CHF,CAD_JPY,CHF_JPY,EUR_AUD,EUR_CAD,EUR_CHF,EUR_GBP,EUR_JPY,EUR_NZD,EUR_USD,GBP_AUD,GBP_CAD,GBP_CHF,GBP_JPY,GBP_NZD,GBP_USD,NZD_CAD,NZD_CHF,NZD_JPY,NZD_USD,USD_CAD,USD_CHF,USD_JPY,period
 0.000009,-0.000009, 0.000016, 0.000016, 0.000029,-0.000027, 0.000054,-0.000011,-0.000060,-0.000015,-5.0e-06, 0.000013,-0.000022, 0.000063,-0.000026, 0.000030, 0.000056, 0.000003, 0.000009,-0.000059,-0.000003,0.000008,-0.000001,0.000109,-0.000016, 0.000002,-0.000004, 0.000007,M15
 0.000084,-0.000076,-0.000130,-0.000026,-0.000059, 0.000048, 0.000011, 0.000004,-0.000043, 0.000001,-1.8e-05, 0.000013,-0.000115,-0.000081, 0.000063,-0.000032,-0.000011, 0.000002,-0.000033, 0.000001,-0.000012,0.000094, 0.000017,0.000063,-0.000044,-0.000018,-0.000050, 0.000021,H1
 0.000439, 0.000502, 0.002392, 0.000534, 0.000868, 0.000072, 0.002484, 0.001017,-0.000507, 0.000242, 5.2e-05, 0.000287, 0.001520, 0.000125, 0.000149,-0.001236,-0.000398,-0.000187, 0.001196,-0.000456, 0.000619,0.000103,-0.000350,0.001565, 0.000394,-0.000771,-0.000406,-0.000543,D
-0.001907,-0.002145,-0.006479,-0.005415,-0.001117, 0.003405,-0.003798,-0.004712, 0.000100,-0.000553, 8.5e-05,-0.001301,-0.000107,-0.000096,-0.002223, 0.002950, 0.000530, 0.000901,-0.006459, 0.000585,-0.002661,0.005614, 0.006289,0.002311, 0.003331, 0.001520, 0.002345,-0.005429,W
-0.001243,-0.000390,-0.003277,-0.003656,-0.003441, 0.003258, 0.000643,-0.002365,-0.000143,-0.003197,-2.0e-05,-0.002643,-0.001825,-0.002866,-0.005358, 0.002323,-0.000494, 0.003118,-0.001059, 0.001635,-0.002014,0.001142, 0.002183,0.001701,-0.002239, 0.002614, 0.004504, 0.001093,M
