AUD_CAD,AUD_CHF,AUD_JPY,AUD_NZD,AUD_USD,CAD_CHF,CAD_JPY,CHF_JPY,EUR_AUD,EUR_CAD,EUR_CHF,EUR_GBP,EUR_JPY,EUR_NZD,EUR_USD,GBP_AUD,GBP_CAD,GBP_CHF,GBP_JPY,GBP_NZD,GBP_USD,NZD_CAD,NZD_CHF,NZD_JPY,NZD_USD,USD_CAD,USD_CHF,USD_JPY,period
 0.000042, 0.000028, 0.000022, 0.000020, 0.000011,-0.000174,-0.000005,-0.000016, 0.000005, 0.000006,-3.0e-06,0.000013,-0.000007,-0.000041,-0.000009, 0.000051, 0.000014,-0.000012, 0.000015, 0.000046,-0.000009,0.000007,-0.000041,-0.000013,-0.000083, 0.000019, 0.000068, 0.000164,M15
-0.000008, 0.000111, 0.000158, 0.000006,-0.000242, 0.000022, 0.000131, 0.000021, 0.000005,-0.000009, 6.0e-06,0.000017, 0.000039,-0.000036,-0.000004,-0.000028, 0.000040, 0.000055, 0.000209, 0.000030, 0.000020,0.000000, 0.000035, 0.000163,-0.000028, 0.000052, 0.000013, 0.000182,H1
 0.000120,-0.000496,-0.000263, 0.000147,-0.000607,-0.000507,-0.000161, 0.000147, 0.000203,-0.000162, 3.1e-05,0.000343,-0.000002, 0.000476,-0.000194, 0.000254,-0.000083,-0.000158,-0.000053, 0.000292,-0.000135,0.000001,-0.000705,-0.000533, 0.000032, 0.000054, 0.000337,-0.000344,D
 0.001185,-0.002195,-0.003277,-0.001331,-0.001321,-0.001983,-0.002947,-0.001833, 0.002496, 0.004767, 3.4e-05,0.000634,-0.001444, 0.000005, 0.000703, 0.001535, 0.003250,-0.000648,-0.001494,-0.000925, 0.000074,0.002532, 0.000203,-0.002914, 0.000349, 0.001416,-0.000450,-0.001046,W
-0.000272, 0.000180, 0.000414, 0.000099,-0.000170, 0.000528, 0.000300, 0.000022,-0.000072,-0.000440, 1.2e-04,0.000484, 0.000103,-0.000272, 0.000387,-0.000057,-0.000101,-0.000095,-0.000536,-0.000613, 0.000195,0.000154, 0.000441,-0.000566, 0.000797,-0.000335,-0.000757,-0.001180,M
