AUD,CAD,CHF,EUR,GBP,JPY,NZD,USD,period
7.385391e-05,-0.0002947508,-0.0001781375,0.0001976411,0.0002709334,-0.0001810839,0.0001272393,-1.569553e-05,M15
1.295198e-04,-0.0001478101,-0.0002637256,0.0003052564,0.0002204004,-0.0003633410,0.0001247436,-5.043624e-06,H1
1.805460e-03,-0.0008647933,-0.0015959582,0.0012563046,0.0010115942,-0.0014966758,0.0004072716,-5.232032e-04,D
1.086829e-02,-0.0141777161,-0.0055019445,0.0090377796,0.0076903456,-0.0140871475,0.0134429135,-7.272522e-03,W
4.154796e-03,-0.0012383522,-0.0073009237,0.0112713670,0.0123688087,-0.0228918295,0.0014333578, 2.202776e-03,M
