AUD,CAD,CHF,EUR,GBP,JPY,NZD,USD,period
0.000033,-0.000212,-0.000136,0.000166,0.000221,-0.000102, 0.000068,-0.000038,M15
0.000027, 0.000003,-0.000357,0.000540,0.000823,-0.001167, 0.000215,-0.000084,H1
0.001122,-0.000647,-0.001174,0.000971,0.000783,-0.001007, 0.000420,-0.000468,D
0.005682,-0.007078,-0.001026,0.010550,0.009558,-0.020352, 0.002448, 0.000218,W
0.003199, 0.000994,-0.006402,0.010289,0.009863,-0.019206,-0.000635, 0.001898,M
