AUD,CAD,CHF,EUR,GBP,JPY,NZD,USD,period
0.000067, 0.000091,-0.000310,0.000084,0.000134,-0.000242,0.000037, 0.000139,M15
0.000492, 0.000044,-0.000221,0.000116,0.000365,-0.000903,0.000154,-0.000047,H1
0.001176, 0.000248,-0.002087,0.001411,0.000632,-0.001503,0.000356,-0.000233,D
0.005278,-0.008220,-0.003680,0.010083,0.007292,-0.014955,0.003737, 0.000465,W
0.001006,-0.000474,-0.002099,0.001878,0.001113,-0.003121,0.000974, 0.000723,M
