AUD,CAD,CHF,EUR,GBP,JPY,NZD,USD,period
0.000046,-0.000034,-0.000087,0.000044,0.000074,-0.000075,-0.000013, 0.000045,M15
0.000334,-0.000063,-0.000151,0.000163,0.000051,-0.000429, 0.000083, 0.000012,H1
0.000481,-0.000769,-0.000917,0.000900,0.001821,-0.001769, 0.001205,-0.000952,D
0.010860,-0.013798,-0.009280,0.013069,0.007674,-0.014919, 0.014718,-0.008324,W
0.003423,-0.000936,-0.005148,0.008921,0.010639,-0.017941, 0.000120, 0.000922,M
