AUD,CAD,CHF,EUR,GBP,JPY,NZD,USD,period
0.000089, 0.000011,-0.000031,0.000104,0.000096,-0.000174,-0.000066,-0.000029,M15
0.000679,-0.000234,-0.000272,0.000437,0.000105,-0.000656,-0.000090, 0.000031,H1
0.001451,-0.001392,-0.000920,0.002183,0.001377,-0.002940, 0.000565,-0.000324,D
0.009840,-0.009811,-0.005131,0.011498,0.004465,-0.012551, 0.007581,-0.005891,W
0.004877,-0.002507,-0.010281,0.013281,0.013128,-0.020123, 0.000172, 0.001453,M
