cross,percentage
GBPNZD,0.411727
AUDCHF,0.327491
CHFEUR,0.318578
EURGBP,0.283911
NZDUSD,0.269246
EURNZD,0.225907
AUDUSD,0.115907
CHFNZD,0.097813
CADCHF,0.07844
CADUSD,0.066165
AUDJPY,0.062087
CHFUSD,0.059736
CADJPY,0.058212
AUDGBP,0.040341
JPYNZD,0.019568
JPYUSD,0.007035
CADGBP,-0.023171
CHFJPY,-0.031483
CADNZD,-0.036717
AUDEUR,-0.048175
EURJPY,-0.051151
GBPJPY,-0.061893
CHFGBP,-0.072168
AUDCAD,-0.089574
CADEUR,-0.163897
GBPUSD,-0.185925
EURUSD,-0.303144
AUDNZD,-0.374867
