cross,percentage
AUDCHF,0.186255
NZDUSD,0.169819
GBPNZD,0.163207
EURGBP,0.140537
CHFEUR,0.140015
CADCHF,0.123747
EURNZD,0.109937
CADEUR,0.088021
CHFGBP,0.077379
CHFNZD,0.072901
CHFJPY,0.05559
GBPJPY,0.050398
EURJPY,0.031901
AUDCAD,0.026629
AUDEUR,0.02384
JPYNZD,0.006326
GBPUSD,0.002932
CADGBP,0.002358
JPYUSD,0.001204
AUDGBP,-0.001969
CHFUSD,-0.031395
AUDUSD,-0.033904
EURUSD,-0.035124
CADJPY,-0.044353
CADUSD,-0.060671
CADNZD,-0.071504
AUDJPY,-0.09114
AUDNZD,-0.102936
