cross,percentage
GBPNZD,0.341343
AUDCHF,0.269764
CHFEUR,0.264982
EURGBP,0.259416
NZDUSD,0.237137
EURNZD,0.200217
CADCHF,0.178565
CHFNZD,0.149296
AUDUSD,0.08664
AUDJPY,0.051439
CADUSD,0.047128
CHFUSD,0.041021
AUDGBP,0.032521
CHFJPY,0.0207
JPYNZD,0.018472
JPYUSD,0.004265
CADJPY,-1.2e-05
CADGBP,-0.015591
AUDEUR,-0.031127
GBPJPY,-0.041282
EURJPY,-0.051813
CHFGBP,-0.055687
AUDCAD,-0.074463
CADNZD,-0.108248
CADEUR,-0.124924
GBPUSD,-0.133711
EURUSD,-0.259666
AUDNZD,-0.306382
