cross,percentage
AUDCHF,0.202419
GBPNZD,0.177033
CHFEUR,0.158841
NZDUSD,0.157731
EURNZD,0.141044
EURGBP,0.140739
CADCHF,0.12729
CHFGBP,0.081667
CHFNZD,0.078751
CADEUR,0.058839
AUDCAD,0.050576
CHFJPY,0.049446
GBPUSD,0.0329
GBPJPY,0.021894
EURJPY,0.015231
JPYNZD,0.007365
AUDGBP,0.006289
JPYUSD,0.002566
CADGBP,-0.002268
CADUSD,-0.010378
AUDEUR,-0.010942
AUDUSD,-0.035041
CADJPY,-0.035585
CHFUSD,-0.043046
AUDJPY,-0.048778
CADNZD,-0.079463
EURUSD,-0.090507
AUDNZD,-0.154611
