cross,percentage
AUDCHF,0.183819
GBPNZD,0.147263
CHFEUR,0.140479
EURGBP,0.139652
CADCHF,0.131647
NZDUSD,0.129049
EURNZD,0.123814
CHFGBP,0.093639
CADEUR,0.083674
CHFNZD,0.075905
GBPJPY,0.060658
AUDCAD,0.056717
CHFJPY,0.053838
GBPUSD,0.022678
JPYNZD,0.008448
AUDEUR,0.007534
EURJPY,0.00691
JPYUSD,0.005984
AUDGBP,0.00036
CADGBP,-0.001759
AUDUSD,-0.027427
CADUSD,-0.03064
CADJPY,-0.038269
EURUSD,-0.042436
CHFUSD,-0.04633
AUDJPY,-0.07447
CADNZD,-0.082949
AUDNZD,-0.127785
