cross,percentage
AUDCHF,0.234435
GBPNZD,0.213719
CHFEUR,0.189926
EURNZD,0.182927
NZDUSD,0.178501
EURGBP,0.147255
CADCHF,0.118477
CHFNZD,0.081884
CHFGBP,0.075175
GBPUSD,0.06539
AUDCAD,0.051104
CHFJPY,0.040778
CADUSD,0.037484
AUDGBP,0.019828
CADEUR,0.013762
AUDJPY,0.012493
JPYNZD,0.011143
JPYUSD,-0.000745
CADGBP,-0.004109
EURJPY,-0.00461
CADJPY,-0.025146
GBPJPY,-0.02695
AUDUSD,-0.043745
CHFUSD,-0.049727
AUDEUR,-0.052327
CADNZD,-0.082432
EURUSD,-0.166284
AUDNZD,-0.218204
