cross,percentage
GBPNZD,0.370129
AUDCHF,0.289892
CHFEUR,0.280038
EURGBP,0.270273
NZDUSD,0.248775
EURNZD,0.210897
CADCHF,0.18973
CHFNZD,0.160677
AUDUSD,0.116698
AUDJPY,0.064397
CHFUSD,0.054755
CADUSD,0.051626
AUDGBP,0.035699
JPYNZD,0.019122
CHFJPY,0.018629
JPYUSD,0.004572
CADJPY,0.002545
CADGBP,-0.017626
AUDEUR,-0.044599
GBPJPY,-0.051778
EURJPY,-0.058999
CHFGBP,-0.066195
AUDCAD,-0.097198
CADNZD,-0.114657
CADEUR,-0.152158
GBPUSD,-0.15819
EURUSD,-0.293945
AUDNZD,-0.333109
