cross,percentage
AUDCHF,0.181477
NZDUSD,0.165096
GBPNZD,0.165021
EURGBP,0.144705
CHFEUR,0.140302
CADCHF,0.126968
EURNZD,0.113896
CHFGBP,0.077693
CHFNZD,0.07493
CADEUR,0.072987
GBPJPY,0.056795
CHFJPY,0.055983
AUDEUR,0.036311
AUDCAD,0.032314
EURJPY,0.025992
CADGBP,0.007525
JPYNZD,0.006112
GBPUSD,0.000631
JPYUSD,-0.001414
AUDGBP,-0.005274
AUDUSD,-0.035772
CHFUSD,-0.035985
EURUSD,-0.03922
CADUSD,-0.040001
CADJPY,-0.046373
CADNZD,-0.076406
AUDJPY,-0.092783
AUDNZD,-0.11151
