cross,percentage
AUDCHF,0.186617
GBPNZD,0.167726
NZDUSD,0.167254
CHFEUR,0.141463
EURGBP,0.140284
CADCHF,0.120036
EURNZD,0.115016
CADEUR,0.084934
CHFGBP,0.076532
CHFNZD,0.074677
CHFJPY,0.05009
GBPJPY,0.04481
AUDCAD,0.040876
EURJPY,0.03204
AUDEUR,0.016186
JPYNZD,0.007214
GBPUSD,0.005155
CADGBP,0.002456
JPYUSD,0.001143
AUDGBP,-0.000899
CHFUSD,-0.032943
AUDUSD,-0.035017
CADJPY,-0.037937
CADUSD,-0.04389
EURUSD,-0.048355
CADNZD,-0.074251
AUDJPY,-0.086378
AUDNZD,-0.11484
