cross,percentage
GBPNZD,0.32337
EURGBP,0.253619
AUDCHF,0.235874
CHFEUR,0.232059
NZDUSD,0.226431
EURNZD,0.20272
CADCHF,0.125148
CHFNZD,0.112188
AUDJPY,0.049462
AUDUSD,0.046093
CHFUSD,0.034719
AUDGBP,0.032985
CADUSD,0.028683
JPYNZD,0.016245
CADJPY,0.014937
CHFJPY,0.00625
JPYUSD,0.004224
AUDEUR,-0.008395
CADGBP,-0.019303
AUDCAD,-0.023509
EURJPY,-0.043252
GBPJPY,-0.044501
CHFGBP,-0.049272
CADEUR,-0.058853
CADNZD,-0.067886
GBPUSD,-0.104932
EURUSD,-0.214297
AUDNZD,-0.310807
