cross,percentage
GBPNZD,0.331721
AUDCHF,0.263851
CHFEUR,0.257223
EURGBP,0.233223
NZDUSD,0.227433
EURNZD,0.200299
CADCHF,0.165421
CHFNZD,0.136442
AUDUSD,0.077613
AUDJPY,0.051484
CADUSD,0.046545
CHFUSD,0.04565
AUDGBP,0.030975
CHFJPY,0.019553
JPYNZD,0.019036
JPYUSD,0.010782
CADJPY,0.003258
CADGBP,-0.016279
AUDCAD,-0.027715
EURJPY,-0.040482
GBPJPY,-0.047062
CHFGBP,-0.057344
AUDEUR,-0.063347
CADEUR,-0.078998
CADNZD,-0.100109
GBPUSD,-0.142992
EURUSD,-0.240907
AUDNZD,-0.305274
