cross,percentage
AUDCHF,0.184496
NZDUSD,0.16665
GBPNZD,0.165601
EURGBP,0.140047
CHFEUR,0.139394
CADCHF,0.122527
EURNZD,0.112922
CADEUR,0.086677
CHFGBP,0.076475
CHFNZD,0.072757
CHFJPY,0.05435
GBPJPY,0.047619
AUDCAD,0.039797
EURJPY,0.032123
AUDEUR,0.019057
JPYNZD,0.006868
GBPUSD,0.003365
CADGBP,0.002615
JPYUSD,0.000974
AUDGBP,-0.001509
CHFUSD,-0.032328
AUDUSD,-0.034832
CADJPY,-0.042621
EURUSD,-0.043951
CADUSD,-0.046685
CADNZD,-0.071873
AUDJPY,-0.089095
AUDNZD,-0.111422
