cross,percentage
JNJ,0.285675
PG,0.210933
TEVA,0.117537
AAPL,0.116517
AMZN,0.0682
GM,0.060583
BRK-A,0.035157
DOX,0.025941
GSK,0.024127
VZ,0.023644
XOM,0.013948
TSLA,0.01264
GOOG,0.005099
AXP,0
CSCO,0
CAT,0
INTC,0
PFE,0
BP,0
SAP,0
SIE.DE,0
GS,0
