cross,percentage
JNJ,0.284153
PG,0.214532
TEVA,0.123286
AAPL,0.109841
AMZN,0.070472
GM,0.059682
BRK-A,0.037789
DOX,0.025844
GSK,0.023055
VZ,0.020816
XOM,0.012856
TSLA,0.012644
GOOG,0.005031
AXP,0
CSCO,0
CAT,0
INTC,0
PFE,0
BP,0
SAP,0
SIE.DE,0
GS,0
