cross,percentage
PETM,0.125775
FME.DE,0.112052
RB.L,0.097461
TT.L,0.075919
RRS.L,0.070595
LMT,0.053326
NG.L,0.052152
ABF.L,0.042721
BAB.L,0.040738
GSK.L,0.036933
BATS.L,0.036874
ULVR.L,0.03379
CHKP,0.033758
MT.PA,0.023234
AMGN,0.023151
CPI.L,0.019912
SHP.L,0.018778
SSE.L,0.016391
NFLX,0.01596
BIDU,0.014115
TATE.L,0.013785
FRE.DE,0.013161
MRW.L,0.012132
IMT.L,0.01023
CNA.L,0.007059
