cross,percentage
JNJ,0.281548
PG,0.213788
TEVA,0.122811
AAPL,0.116999
AMZN,0.066147
GM,0.060262
BRK-A,0.037622
DOX,0.025721
GSK,0.022273
VZ,0.021331
XOM,0.013598
TSLA,0.01282
GOOG,0.005082
AXP,0
CSCO,0
CAT,0
INTC,0
PFE,0
BP,0
SAP,0
SIE.DE,0
GS,0
