cross,percentage
TT.L,0.160703
FME.DE,0.121543
RB.L,0.110351
RRS.L,0.070032
LMT,0.057361
NG.L,0.051908
BATS.L,0.038266
CHKP,0.037314
ABF.L,0.035396
BAB.L,0.034203
ULVR.L,0.033426
GSK.L,0.032072
MT.PA,0.028327
AMGN,0.027386
NFLX,0.025976
BIDU,0.021364
CPI.L,0.021086
SSE.L,0.016408
TATE.L,0.015979
FRE.DE,0.015354
SHP.L,0.012745
IMT.L,0.011498
CNA.L,0.011008
MRW.L,0.010293
