cross,volatility
NZD_USD,0.0105298667362248
NZD_JPY,0.0118041564931253
NZD_CHF,0.0107449888024572
NZD_CAD,0.0101135451837593
GBP_NZD,0.0102367821680714
GBP_AUD,0.00802125316245473
EUR_NZD,0.0108320742677629
EUR_AUD,0.0088849676865058
AUD_USD,0.00758900110672572
AUD_NZD,0.00823867326648716
AUD_JPY,0.0084334539074638
AUD_CHF,0.00842271400449291
