cross,volatility
NZD_JPY,0.0106060132553612
NZD_CAD,0.00824246552668008
GBP_NZD,0.0100960367139486
GBP_JPY,0.00974390487451884
GBP_CAD,0.00850187996752565
GBP_AUD,0.00999399337791847
EUR_NZD,0.00821782936530935
EUR_JPY,0.00985173945916428
EUR_CAD,0.00884155907841313
EUR_AUD,0.00999493025202477
CHF_JPY,0.00897418736253104
CAD_CHF,0.00828470301674107
AUD_USD,0.00865086725808655
AUD_JPY,0.0101237786302953
AUD_CHF,0.00996645441801866
AUD_CAD,0.00895001705744223
