cross,volatility
NZD_USD,0.0144547421366272
NZD_JPY,0.0110853788800835
NZD_CHF,0.013021519718677
NZD_CAD,0.0155800064807056
GBP_NZD,0.0192804387333255
GBP_JPY,0.00956381657073706
EUR_NZD,0.012263740099082
EUR_JPY,0.00812102251914134
EUR_CAD,0.00872152757956584
CAD_JPY,0.00869408375796295
AUD_NZD,0.011401563618905
AUD_JPY,0.00892239713501371
AUD_CAD,0.00823153265253329
