cross,volatility
NZD_USD,0.00930144878702859
NZD_JPY,0.0100785255852343
NZD_CHF,0.00979514693017075
NZD_CAD,0.00832390753368884
GBP_NZD,0.0104192328210938
GBP_JPY,0.0102974309650137
GBP_CAD,0.00968587307235236
GBP_AUD,0.00833581371158503
EUR_NZD,0.00882900826112445
EUR_CAD,0.00969099769789976
CAD_JPY,0.00988214416540223
CAD_CHF,0.0101196511978289
AUD_JPY,0.00892813080168449
AUD_CHF,0.00889962887382054
