cross,volatility
NZD_USD,0.0122606560453971
NZD_JPY,0.0117048992669998
NZD_CHF,0.0127160706814767
NZD_CAD,0.0110574314784653
GBP_NZD,0.0116701446930626
GBP_JPY,0.00871737648192341
GBP_CHF,0.00950022315096746
GBP_AUD,0.00853008995634249
EUR_NZD,0.0121031480616308
EUR_GBP,0.00864688493755179
AUD_NZD,0.00826749985760816
