cross,volatility
NZD_USD,0.0103178502613333
NZD_JPY,0.0104543524901899
NZD_CHF,0.0113724760886864
NZD_CAD,0.00898267851354756
GBP_NZD,0.0102657154193623
GBP_JPY,0.00821877716115499
EUR_NZD,0.0109925874563349
CAD_JPY,0.00872746480527055
AUD_CHF,0.00806057559262155
