cross,volatility
NZD_USD,0.00712200257281879
NZD_JPY,0.00847397055499038
NZD_CHF,0.00705606156073344
NZD_CAD,0.00672778136266129
GBP_NZD,0.00726403708789373
CAD_JPY,0.00677136132673049
AUD_JPY,0.00691313524702672
