cross,volatility
NZD_USD,0.0176551985735826
NZD_JPY,0.0161645434959769
NZD_CHF,0.01721871711494
NZD_CAD,0.0159529127265454
GBP_NZD,0.0185216110980217
GBP_AUD,0.0083767699606966
EUR_NZD,0.0173553580089451
AUD_NZD,0.0146345165876819
