cross,volatility
NZD_USD,0.0148509075220382
NZD_JPY,0.0132505090090074
NZD_CHF,0.0144414944336019
NZD_CAD,0.0152963491516701
GBP_NZD,0.0187107897122518
GBP_JPY,0.00946647446640044
GBP_AUD,0.00808687810702933
EUR_NZD,0.0128271563443778
EUR_CAD,0.0100870751644376
EUR_AUD,0.00917496778439553
CAD_JPY,0.0102225531285054
AUD_USD,0.00823883450156786
AUD_NZD,0.0108091450486841
AUD_JPY,0.011004631035584
AUD_CHF,0.00877702029850085
AUD_CAD,0.00917673467042043
