cross,volatility
USD_CAD,0.0112141134240783
NZD_CAD,0.0137903189454304
GBP_NZD,0.00826403662057141
GBP_CAD,0.0121185712877311
EUR_CAD,0.01213760347289
CAD_JPY,0.0116279828802174
CAD_CHF,0.0128016444072188
AUD_CAD,0.0116792782122187
