cross,volatility
AUD_CHF,0.0181210479229154
GBP_NZD,0.0174814323611195
NZD_CAD,0.0170699855982874
AUD_USD,0.0166662960107193
AUD_CAD,0.016504622143478
AUD_JPY,0.0162655943251437
NZD_JPY,0.0150884964899595
NZD_USD,0.0145779310471413
AUD_NZD,0.0145325497427533
EUR_NZD,0.0132255852814035
NZD_CHF,0.0131556267168813
GBP_AUD,0.0127525595599649
EUR_AUD,0.0119094582438117
CAD_JPY,0.0117615001399449
GBP_CAD,0.0111039574467694
