cross,volatility
NZD_USD,0.019416418450013
NZD_JPY,0.0188461263787182
NZD_CHF,0.0195495432149151
NZD_CAD,0.0192060212912304
GBP_NZD,0.0296834247781377
GBP_AUD,0.00823240501812292
EUR_NZD,0.0257756631037095
EUR_AUD,0.00874549462023608
AUD_USD,0.00779511350836885
AUD_NZD,0.0233445301139515
AUD_JPY,0.0086168273363881
AUD_CHF,0.00916887873146152
AUD_CAD,0.00685882270734441
