cross,volatility
NZD_USD,0.0224213317561258
NZD_JPY,0.0188157526284222
NZD_CAD,0.0184393303497818
AUD_USD,0.0180438041470895
GBP_NZD,0.0177021883447889
NZD_CHF,0.0168886256755804
AUD_JPY,0.0163214190026349
EUR_NZD,0.0160916260076131
AUD_CAD,0.0152730430157048
EUR_AUD,0.0148708398160235
GBP_AUD,0.0146260841840855
AUD_NZD,0.0145370602013584
AUD_CHF,0.0144043454383937
EUR_JPY,0.0124175852633422
CHF_JPY,0.0114565102780469
USD_JPY,0.01145440295542
GBP_JPY,0.0110950541931235
