cross,volatility
USD_CAD,0.0102098406394626
NZD_USD,0.0118658382055917
NZD_JPY,0.0116949017845854
NZD_CHF,0.0128913682137123
NZD_CAD,0.0139137875846615
GBP_NZD,0.0118592018225933
GBP_CAD,0.0104473563542654
GBP_AUD,0.00875900022257538
EUR_NZD,0.0120959043858462
EUR_CAD,0.00985341529004505
CAD_JPY,0.00935625649501927
CAD_CHF,0.0100386843545261
AUD_NZD,0.0106620623125904
AUD_CAD,0.00812345991940038
