country,strength,sd
AU,1.89238901874904,0.924107565501746
CH,1.70513389900914,0.924107565501746
US,1.10829561847904,0.924107565501746
EM,0.689679430409288,0.924107565501746
GB,0.652413000783993,0.924107565501746
IT,0.620620263169258,0.924107565501746
CA,0.595802039043708,0.924107565501746
NZ,0.527265746523134,0.924107565501746
FR,0.525633595529694,0.924107565501746
JP,0.291447415543907,0.924107565501746
DE,0.0486985511920866,0.924107565501746
