AUD,CAD,CHF,EUR,GBP,JPY,NZD,USD,period
0.000110,-0.000072,-0.000073,0.000141,0.000050,-0.000216, 0.000097,-0.000037,M15
0.000804,-0.000429,-0.000313,0.000587,0.000251,-0.000432,-0.000278,-0.000190,H1
0.003276,-0.001967,-0.002793,0.002413,0.001826,-0.003956, 0.002287,-0.001086,D
0.006410,-0.010217,-0.001033,0.007417,0.003712,-0.009518, 0.009007,-0.005778,W
0.005438, 0.002480,-0.011325,0.015876,0.011110,-0.026318, 0.001118, 0.001621,M
