AUD,CAD,CHF,EUR,GBP,JPY,NZD,USD,period
0.000642,-0.000033,-0.000100,0.000252,0.000122,-0.000198,-0.000078,-0.000607,M15
0.000559,-0.000592,-0.000836,0.000484,0.000592,-0.001138, 0.001227,-0.000296,H1
0.001651,-0.001302,-0.000707,0.002459,0.001850,-0.004010, 0.000833,-0.000774,D
0.009731,-0.008977,-0.005500,0.011160,0.004392,-0.012684, 0.007961,-0.006083,W
0.005431,-0.002380,-0.010352,0.013448,0.013035,-0.021207, 0.000502, 0.001523,M
