AUD_CAD,AUD_CHF,AUD_JPY,AUD_NZD,AUD_USD,CAD_CHF,CAD_JPY,CHF_JPY,EUR_AUD,EUR_CAD,EUR_CHF,EUR_GBP,EUR_JPY,EUR_NZD,EUR_USD,GBP_AUD,GBP_CAD,GBP_CHF,GBP_JPY,GBP_NZD,GBP_USD,NZD_CAD,NZD_CHF,NZD_JPY,NZD_USD,USD_CAD,USD_CHF,USD_JPY,period
 0.000011, 0.000021, 0.000018,-0.000013, 0.000053,-0.000018, 0.000013, 0.000002,-0.000012, 0.000042, 0.0e+00,-0.000002, 0.000006,-0.000036, 0.000022,-0.000027, 0.000031, 0.000085, 0.000018,-0.000018, 0.000079, 0.000028, 0.000051, 0.000047, 0.000107,-0.000029,-0.000046,-0.000018,M15
 0.000007, 0.000329, 0.000124,-0.000114, 0.000112, 0.000194, 0.000215,-0.000004,-0.000138,-0.000112, 5.0e-06,-0.000124, 0.000021,-0.000158, 0.000042,-0.000076, 0.000111, 0.000087, 0.000205, 0.000018, 0.000222, 0.000096,-0.000103,-0.000039, 0.000172,-0.000071,-0.000204,-0.000078,H1
 0.000829, 0.000014,-0.000071,-0.000435,-0.000127,-0.000297,-0.000813,-0.000330,-0.000050, 0.000302,-2.1e-05,-0.000204,-0.000436,-0.000474,-0.000231, 0.000195, 0.000442, 0.000230, 0.000029,-0.000196,-0.000004, 0.000772, 0.000497, 0.000357, 0.000521, 0.000501, 0.000106,-0.000389,D
-0.002438,-0.002384, 0.000090, 0.000187,-0.002148,-0.001083, 0.000745,-0.000307, 0.003346,-0.001592, 9.1e-05,-0.000484,-0.002913, 0.004922, 0.000175, 0.003851,-0.001241, 0.001077, 0.002064, 0.000580, 0.000139,-0.002587,-0.002620,-0.003739,-0.001755, 0.001284, 0.000092, 0.000646,W
-0.000230, 0.000114,-0.000276, 0.000499, 0.002059,-0.001172,-0.001906,-0.000909, 0.000134, 0.000835, 1.0e-05, 0.001163,-0.000109, 0.001609, 0.003106,-0.001473,-0.001272,-0.001684,-0.002199,-0.001264, 0.000171,-0.000224,-0.000430,-0.001044, 0.001775,-0.001764,-0.003185,-0.003023,M
