AUD,CAD,CHF,EUR,GBP,JPY,NZD,USD,period
0.000077,-0.000110,-0.000219,0.000120,0.000256,-0.000122,0.000166,-0.000168,M15
0.000472, 0.000012,-0.000918,0.000600,0.000595,-0.000686,0.000120,-0.000195,H1
0.001231,-0.001736,-0.000835,0.001718,0.000892,-0.002425,0.001042, 0.000113,D
0.000050,-0.007314,-0.007040,0.013523,0.008468,-0.010504,0.005012,-0.002195,W
0.001571,-0.001247,-0.005686,0.006966,0.006900,-0.009466,0.000101, 0.000861,M
