AUD_CAD,AUD_CHF,AUD_JPY,AUD_NZD,AUD_USD,CAD_CHF,CAD_JPY,CHF_JPY,EUR_AUD,EUR_CAD,EUR_CHF,EUR_GBP,EUR_JPY,EUR_NZD,EUR_USD,GBP_AUD,GBP_CAD,GBP_CHF,GBP_JPY,GBP_NZD,GBP_USD,NZD_CAD,NZD_CHF,NZD_JPY,NZD_USD,USD_CAD,USD_CHF,USD_JPY,period
 0.000000, 0.000025,-0.000053, 0.000145,-0.000495,-0.000009,-0.000011,-0.000011,-0.000063, 0.000013,-1.0e-06,-0.000006,-0.000020,-0.000009, 0.000140, 0.000013, 0.000001,-0.000017,-0.000035, 0.000059,-0.000003,-0.000005,-0.000028,-0.000052,-0.000050, 0.000034, 0.000031,-0.000016,M15
-0.000067,-0.000180,-0.000222, 0.000152,-0.000100,-0.000014, 0.000055, 0.000014, 0.000086,-0.000096,-5.1e-05, 0.000091, 0.000072, 0.000065,-0.000023, 0.000076,-0.000031,-0.000057,-0.000111, 0.000350,-0.000058,-0.000432,-0.000514,-0.000536,-0.000312, 0.000035, 0.000034, 0.000128,H1
 0.000360, 0.000044,-0.000681,-0.000085,-0.000865,-0.000198,-0.000880,-0.000658,-0.000025, 0.000334,-6.0e-05,-0.000434,-0.000726,-0.000708,-0.000172, 0.000359, 0.000559, 0.000338,-0.000391, 0.000183,-0.000454, 0.000368, 0.000185,-0.000591,-0.000665, 0.000759, 0.000540, 0.000083,D
-0.001079, 0.001783, 0.000422, 0.005876,-0.001089,-0.000398, 0.000294,-0.001333, 0.000431,-0.001897,-8.7e-05,-0.001037,-0.003945, 0.003618,-0.000145,-0.000087,-0.000939, 0.001185, 0.000195, 0.001446, 0.001577,-0.005434,-0.003267,-0.005603,-0.004597,-0.000320, 0.000113,-0.000892,W
 0.000312, 0.001017,-0.000353, 0.003917, 0.003920,-0.002111,-0.004093,-0.002087,-0.000543, 0.001378, 7.0e-06, 0.002452,-0.000809, 0.003389, 0.004870,-0.003545,-0.001753,-0.003097,-0.004435,-0.001685, 0.000972,-0.002071,-0.001535,-0.003930, 0.001957,-0.003070,-0.004672,-0.005500,M
