AUD_CAD,AUD_CHF,AUD_JPY,AUD_NZD,AUD_USD,CAD_CHF,CAD_JPY,CHF_JPY,EUR_AUD,EUR_CAD,EUR_CHF,EUR_GBP,EUR_JPY,EUR_NZD,EUR_USD,GBP_AUD,GBP_CAD,GBP_CHF,GBP_JPY,GBP_NZD,GBP_USD,NZD_CAD,NZD_CHF,NZD_JPY,NZD_USD,USD_CAD,USD_CHF,USD_JPY,period
 0.000001,-0.000001,-0.000024,-0.000011, 0.000024,-0.000015,-0.000018, 0.000009, 0.000025, 0.000012, 5.0e-06,-0.000003,-0.000006,0.000018, 0.000009, 0.000028, 0.000006,-0.000002,-0.000009,-0.000001, 0.000008, 0.000004,-0.000033,-0.000005,-0.000019, 0.000029, 0.000001, 0.000001,M15
 0.000102, 0.000035,-0.000041, 0.000153, 0.000052, 0.000040,-0.000097,-0.000042,-0.000040, 0.000052,-1.1e-05,-0.000048,-0.000037,0.000065,-0.000027,-0.000028,-0.000011,-0.000036,-0.000058, 0.000033, 0.000019,-0.000080,-0.000032,-0.000053,-0.000008, 0.000015, 0.000004,-0.000032,H1
 0.000202,-0.000421,-0.000504,-0.000186,-0.000112,-0.000704,-0.000608,-0.000009, 0.000340, 0.000254, 1.0e-05,-0.000030,-0.000070,0.000058, 0.000370, 0.000554, 0.000441, 0.000069,-0.000183, 0.000173, 0.000472, 0.000263,-0.000263,-0.000392, 0.000171, 0.000019, 0.000456,-0.000552,D
-0.002123,-0.001162, 0.001967, 0.004226,-0.000545,-0.000639, 0.001082, 0.000313, 0.002978,-0.001225, 5.4e-05, 0.000248,-0.002233,0.004222, 0.000658, 0.001259,-0.002117,-0.000455, 0.000621, 0.000225,-0.000152,-0.003721,-0.003111,-0.002674,-0.002413, 0.000259,-0.000532, 0.000629,W
-0.000188, 0.000345,-0.000925, 0.002644, 0.003829,-0.002206,-0.003703,-0.001702, 0.000020, 0.001461,-7.0e-06, 0.002576,-0.000580,0.003624, 0.004972,-0.003192,-0.002687,-0.003567,-0.004722,-0.002320,-0.000271,-0.001065,-0.001426,-0.003274, 0.002538,-0.002868,-0.004965,-0.004911,M
