cross,volatility
NZD_USD,0.0157980147266076
GBP_NZD,0.0155580973592296
NZD_JPY,0.0130709020156498
NZD_CHF,0.0128544699035111
NZD_CAD,0.012567695986064
AUD_NZD,0.0123094080908939
EUR_NZD,0.0121152907747693
